{
    "sparse_categorical_accuracy_set": [
        0.2587999999523163,
        0.3869999945163727
    ],
    "scaled_adversarial_loss": [
        0.44942378997802734,
        0.39231863617897034
    ],
    "loss": [
        2.6965432167053223,
        2.353912353515625
    ]
}