{"sparse_categorical_accuracy_set": [0.28700000047683716, 0.414000004529953, 0.414000004529953], "scaled_adversarial_loss": [0.43037429451942444, 0.3206949830055237, 0.3206949830055237], "loss": [2.582245349884033, 1.9241704940795898, 1.9241704940795898]}}