
{"sparse_categorical_accuracy_set": [0.0989999994635582, 0.11020000278949738, 0.10540000349283218, 0.10180000215768814, 0.10180000215768814], "scaled_adversarial_loss": [1.9076025485992432, 0.4703977108001709, 0.45961660146713257, 0.46042391657829285, 0.46042391657829285], "loss": [11.44561767578125, 2.822385787963867, 2.757699966430664, 2.7625436782836914, 2.7625436782836914]}]}