
{"sparse_categorical_accuracy_set": [0.2362000048160553, 0.17080000042915344, 0.10100000351667404, 0.09740000218153], "scaled_adversarial_loss": [0.6845461130142212, 0.46325966715812683, 0.4640035033226013, 0.4606587588787079], "loss": [4.107275009155273, 2.7795567512512207, 2.7840213775634766, 2.7639522552490234]}}