{
    "sparse_categorical_accuracy_set": [
        0.24699999392032623,
        0.2759999930858612,
        0.28439998626708984
    ],
    "scaled_adversarial_loss": [
        0.5986523628234863,
        0.39934730529785156,
        0.38984426856040955
    ],
    "loss": [
        3.59191632270813,
        2.3960835933685303,
        2.3390674591064453
    ]
}