{"sparse_categorical_accuracy_set": [0.23819999396800995, 0.3483999967575073], "scaled_adversarial_loss": [0.5959760546684265, 0.3532492518424988], "loss": [3.5758554935455322, 2.119495153427124]}6]}